[{"model": "auth.permission", "pk": 1, "fields": {"name": "Can add log entry", "content_type": 1, "codename": "add_logentry"}}, {"model": "auth.permission", "pk": 2, "fields": {"name": "Can change log entry", "content_type": 1, "codename": "change_logentry"}}, {"model": "auth.permission", "pk": 3, "fields": {"name": "Can delete log entry", "content_type": 1, "codename": "delete_logentry"}}, {"model": "auth.permission", "pk": 4, "fields": {"name": "Can view log entry", "content_type": 1, "codename": "view_logentry"}}, {"model": "auth.permission", "pk": 5, "fields": {"name": "Can add permission", "content_type": 2, "codename": "add_permission"}}, {"model": "auth.permission", "pk": 6, "fields": {"name": "Can change permission", "content_type": 2, "codename": "change_permission"}}, {"model": "auth.permission", "pk": 7, "fields": {"name": "Can delete permission", "content_type": 2, "codename": "delete_permission"}}, {"model": "auth.permission", "pk": 8, "fields": {"name": "Can view permission", "content_type": 2, "codename": "view_permission"}}, {"model": "auth.permission", "pk": 9, "fields": {"name": "Can add group", "content_type": 3, "codename": "add_group"}}, {"model": "auth.permission", "pk": 10, "fields": {"name": "Can change group", "content_type": 3, "codename": "change_group"}}, {"model": "auth.permission", "pk": 11, "fields": {"name": "Can delete group", "content_type": 3, "codename": "delete_group"}}, {"model": "auth.permission", "pk": 12, "fields": {"name": "Can view group", "content_type": 3, "codename": "view_group"}}, {"model": "auth.permission", "pk": 13, "fields": {"name": "Can add user", "content_type": 4, "codename": "add_user"}}, {"model": "auth.permission", "pk": 14, "fields": {"name": "Can change user", "content_type": 4, "codename": "change_user"}}, {"model": "auth.permission", "pk": 15, "fields": {"name": "Can delete user", "content_type": 4, "codename": "delete_user"}}, {"model": "auth.permission", "pk": 16, "fields": {"name": "Can view user", "content_type": 4, "codename": "view_user"}}, {"model": "auth.permission", "pk": 17, "fields": {"name": "Can add content type", "content_type": 5, "codename": "add_contenttype"}}, {"model": "auth.permission", "pk": 18, "fields": {"name": "Can change content type", "content_type": 5, "codename": "change_contenttype"}}, {"model": "auth.permission", "pk": 19, "fields": {"name": "Can delete content type", "content_type": 5, "codename": "delete_contenttype"}}, {"model": "auth.permission", "pk": 20, "fields": {"name": "Can view content type", "content_type": 5, "codename": "view_contenttype"}}, {"model": "auth.permission", "pk": 21, "fields": {"name": "Can add session", "content_type": 6, "codename": "add_session"}}, {"model": "auth.permission", "pk": 22, "fields": {"name": "Can change session", "content_type": 6, "codename": "change_session"}}, {"model": "auth.permission", "pk": 23, "fields": {"name": "Can delete session", "content_type": 6, "codename": "delete_session"}}, {"model": "auth.permission", "pk": 24, "fields": {"name": "Can view session", "content_type": 6, "codename": "view_session"}}, {"model": "auth.permission", "pk": 25, "fields": {"name": "Can add event", "content_type": 7, "codename": "add_event"}}, {"model": "auth.permission", "pk": 26, "fields": {"name": "Can change event", "content_type": 7, "codename": "change_event"}}, {"model": "auth.permission", "pk": 27, "fields": {"name": "Can delete event", "content_type": 7, "codename": "delete_event"}}, {"model": "auth.permission", "pk": 28, "fields": {"name": "Can view event", "content_type": 7, "codename": "view_event"}}, {"model": "auth.permission", "pk": 29, "fields": {"name": "Can add user", "content_type": 8, "codename": "add_user"}}, {"model": "auth.permission", "pk": 30, "fields": {"name": "Can change user", "content_type": 8, "codename": "change_user"}}, {"model": "auth.permission", "pk": 31, "fields": {"name": "Can delete user", "content_type": 8, "codename": "delete_user"}}, {"model": "auth.permission", "pk": 32, "fields": {"name": "Can view user", "content_type": 8, "codename": "view_user"}}, {"model": "auth.permission", "pk": 33, "fields": {"name": "Can add employee", "content_type": 9, "codename": "add_employee"}}, {"model": "auth.permission", "pk": 34, "fields": {"name": "Can change employee", "content_type": 9, "codename": "change_employee"}}, {"model": "auth.permission", "pk": 35, "fields": {"name": "Can delete employee", "content_type": 9, "codename": "delete_employee"}}, {"model": "auth.permission", "pk": 36, "fields": {"name": "Can view employee", "content_type": 9, "codename": "view_employee"}}, {"model": "auth.permission", "pk": 37, "fields": {"name": "Can add details", "content_type": 9, "codename": "add_details"}}, {"model": "auth.permission", "pk": 38, "fields": {"name": "Can change details", "content_type": 9, "codename": "change_details"}}, {"model": "auth.permission", "pk": 39, "fields": {"name": "Can delete details", "content_type": 9, "codename": "delete_details"}}, {"model": "auth.permission", "pk": 40, "fields": {"name": "Can view details", "content_type": 9, "codename": "view_details"}}, {"model": "auth.permission", "pk": 41, "fields": {"name": "Can add account", "content_type": 10, "codename": "add_account"}}, {"model": "auth.permission", "pk": 42, "fields": {"name": "Can change account", "content_type": 10, "codename": "change_account"}}, {"model": "auth.permission", "pk": 43, "fields": {"name": "Can delete account", "content_type": 10, "codename": "delete_account"}}, {"model": "auth.permission", "pk": 44, "fields": {"name": "Can view account", "content_type": 10, "codename": "view_account"}}, {"model": "auth.permission", "pk": 45, "fields": {"name": "Can add actions", "content_type": 11, "codename": "add_actions"}}, {"model": "auth.permission", "pk": 46, "fields": {"name": "Can change actions", "content_type": 11, "codename": "change_actions"}}, {"model": "auth.permission", "pk": 47, "fields": {"name": "Can delete actions", "content_type": 11, "codename": "delete_actions"}}, {"model": "auth.permission", "pk": 48, "fields": {"name": "Can view actions", "content_type": 11, "codename": "view_actions"}}, {"model": "auth.permission", "pk": 49, "fields": {"name": "Can add action", "content_type": 11, "codename": "add_action"}}, {"model": "auth.permission", "pk": 50, "fields": {"name": "Can change action", "content_type": 11, "codename": "change_action"}}, {"model": "auth.permission", "pk": 51, "fields": {"name": "Can delete action", "content_type": 11, "codename": "delete_action"}}, {"model": "auth.permission", "pk": 52, "fields": {"name": "Can view action", "content_type": 11, "codename": "view_action"}}, {"model": "auth.permission", "pk": 53, "fields": {"name": "Can add comment", "content_type": 12, "codename": "add_comment"}}, {"model": "auth.permission", "pk": 54, "fields": {"name": "Can change comment", "content_type": 12, "codename": "change_comment"}}, {"model": "auth.permission", "pk": 55, "fields": {"name": "Can delete comment", "content_type": 12, "codename": "delete_comment"}}, {"model": "auth.permission", "pk": 56, "fields": {"name": "Can view comment", "content_type": 12, "codename": "view_comment"}}, {"model": "auth.user", "pk": 1, "fields": {"password": "pbkdf2_sha256$260000$ZcaPCQTzuBDhcOVAU0LuWF$K0oEl8jFAH2HkW5WkiMdw/zjXRwvbFpHbtSwAzHOh4c=", "last_login": null, "is_superuser": false, "username": "admin", "first_name": "Admin", "last_name": "Amind", "email": "admin@vt.edu", "is_staff": false, "is_active": true, "date_joined": "2021-11-17T15:23:04.794Z", "groups": [], "user_permissions": []}}, {"model": "auth.user", "pk": 3, "fields": {"password": "pbkdf2_sha256$260000$K40Qrnjy4lIWCCt8pJ5H63$CGSnOJRyajEyD6V2EiTMZSCedbfHW51qdZlSglMiy6A=", "last_login": null, "is_superuser": false, "username": "alice", "first_name": "Alice", "last_name": "Wonder", "email": "240075110@qq.com", "is_staff": false, "is_active": true, "date_joined": "2021-11-17T16:48:06.264Z", "groups": [], "user_permissions": []}}, {"model": "auth.user", "pk": 15, "fields": {"password": "pbkdf2_sha256$260000$kdvX4jSWH4onhF7peOIqtJ$F8sOX9Kt9bcr8j+88PDLi6GcqqToSQ7wCH/3wNZ5DUs=", "last_login": null, "is_superuser": false, "username": "test1", "first_name": "test1", "last_name": "test1", "email": "test1@vt.edu", "is_staff": false, "is_active": true, "date_joined": "2021-11-20T18:13:27.187Z", "groups": [], "user_permissions": []}}, {"model": "auth.user", "pk": 16, "fields": {"password": "pbkdf2_sha256$260000$Fi0NcFfPtdVbMXAw6rJ933$wpIEWAceijdoPJ6uRgw7APIenLalxgUK5vhIoYRSHfg=", "last_login": null, "is_superuser": false, "username": "test2", "first_name": "test2", "last_name": "test2", "email": "test2@vt.edu", "is_staff": false, "is_active": true, "date_joined": "2021-11-20T21:24:25.756Z", "groups": [], "user_permissions": []}}, {"model": "contenttypes.contenttype", "pk": 1, "fields": {"app_label": "admin", "model": "logentry"}}, {"model": "contenttypes.contenttype", "pk": 2, "fields": {"app_label": "auth", "model": "permission"}}, {"model": "contenttypes.contenttype", "pk": 3, "fields": {"app_label": "auth", "model": "group"}}, {"model": "contenttypes.contenttype", "pk": 4, "fields": {"app_label": "auth", "model": "user"}}, {"model": "contenttypes.contenttype", "pk": 5, "fields": {"app_label": "contenttypes", "model": "contenttype"}}, {"model": "contenttypes.contenttype", "pk": 6, "fields": {"app_label": "sessions", "model": "session"}}, {"model": "contenttypes.contenttype", "pk": 7, "fields": {"app_label": "events", "model": "event"}}, {"model": "contenttypes.contenttype", "pk": 8, "fields": {"app_label": "events", "model": "user"}}, {"model": "contenttypes.contenttype", "pk": 9, "fields": {"app_label": "users", "model": "details"}}, {"model": "contenttypes.contenttype", "pk": 10, "fields": {"app_label": "events", "model": "account"}}, {"model": "contenttypes.contenttype", "pk": 11, "fields": {"app_label": "actions", "model": "action"}}, {"model": "contenttypes.contenttype", "pk": 12, "fields": {"app_label": "events", "model": "comment"}}, {"model": "sessions.session", "pk": "6hpu74ze0oswr0h1fhwrpjcbbi10k1r4", "fields": {"session_data": "eyJ1c2VybmFtZSI6ImFsaWNlIiwicm9sZSI6InJlZ3VsYXIifQ:1mi1Ts:5AqvgkEzICSFkjCRqpxlk15xawcZKyEq-0kqnf4s7Rk", "expire_date": "2021-11-16T21:38:08.018Z"}}, {"model": "sessions.session", "pk": "d0s0wa2ozxx38hz74nkgdct9bk1kmqrw", "fields": {"session_data": "eyJ1c2VybmFtZSI6ImFkbWluIiwicm9sZSI6InJlZ3VsYXIifQ:1migO5:Ms399o6oN7ICF8zIfsS_sDVVgxiBwOVlzLztbq8mX-c", "expire_date": "2021-11-18T17:18:53.968Z"}}, {"model": "sessions.session", "pk": "esynptqw8db7737gzk4v16anpczpb7o2", "fields": {"session_data": "eyJ1c2VybmFtZSI6ImFkbWluIiwicm9sZSI6ImFkbWluIn0:1moo50:EkNhJyrNOqWqfnOZAD3G6QoqbRIq0ywremH4Wt4oorA", "expire_date": "2021-12-05T14:44:30.692Z"}}, {"model": "sessions.session", "pk": "l55vttihzoyfvobqugb4pipn6ugow8n5", "fields": {"session_data": "eyJ1c2VybmFtZSI6ImFkbWluIiwicm9sZSI6InJlZ3VsYXIifQ:1migCC:E-i1C3-RPhrYLfCpNgM0A8REUY1dKNUOxZV9pztvEdI", "expire_date": "2021-11-18T17:06:36.829Z"}}, {"model": "sessions.session", "pk": "nf6khpx56nlggf71o55bx0g4d7qottp5", "fields": {"session_data": "eyJ1c2VybmFtZSI6ImFsaWNlIiwicm9sZSI6InJlZ3VsYXIifQ:1motCd:qjWPdVz9Vbz1W4SypSwpGO6oA8cx8u0l7n0wuzpNl7I", "expire_date": "2021-12-05T20:12:43.054Z"}}, {"model": "sessions.session", "pk": "rzvt9xntlu8vgvzmv2u0n6la772pveir", "fields": {"session_data": "eyJ1c2VybmFtZSI6IlRlc3QzIn0:1moUZI:xX3WC7knw9iP6YSfybyKD7oMPjqLJu5ezSmEJbNieTA", "expire_date": "2021-12-04T17:54:28.516Z"}}, {"model": "sessions.session", "pk": "tqi7ay6ysu3bsty0jrjwndnvqagud0sb", "fields": {"session_data": "eyJ1c2VybmFtZSI6ImFsaWNlIiwicm9sZSI6InJlZ3VsYXIifQ:1motLH:gHFMaRbRNrjdF5XfUbrQ8iC2FKKT6XWTMcGDSomPETQ", "expire_date": "2021-12-05T20:21:39.959Z"}}, {"model": "events.event", "pk": 1, "fields": {"title": "Bird Watchers", "image": "img/events/bird-watchers.jpg", "location": "Location: Trail A", "date": "11/10/2021", "time": "10:00 AM", "created_date": "2021-11-03T20:50:40.652Z", "organizer": "Hearts Queen", "user": 1, "attendees": 9, "like_number": 7, "share_number": 11, "description": "Welcome to the Bird Watchers! If you are a nature lover who wants to get out with like-minded people for a day of adventure and fun while seeing and learning about nature. Then this is the group for you. Can you imagine the thrill of a Bald Eagle soaring over your head? It's an unbelievable feeling! Seeing your first hummingbird in the wild is a moment that you would cherish for a lifetime! We will be traveling inside different parts of Great Falls for bird watching adventures. We only have small groups for a more intimate experience.", "is_deleted": false}}, {"model": "events.event", "pk": 2, "fields": {"title": "Music in the Woods", "image": "img/events/music-in-the-woods.jpg", "location": "Location: Trail B", "date": "11/01/2021", "time": "10:00 AM", "created_date": "2021-11-03T20:50:40.652Z", "organizer": "Cheshire Cat", "user": 1, "attendees": 7, "like_number": 3, "share_number": 5, "description": "To be Added", "is_deleted": false}}, {"model": "events.event", "pk": 3, "fields": {"title": "Deer-patrol", "image": "img/events/deer-patrol.jpeg", "location": "Location: Trail C", "date": "09/21/2021", "time": "10:00 AM", "created_date": "2021-11-03T20:50:40.652Z", "organizer": "Alice", "user": 1, "attendees": 8, "like_number": 10, "share_number": 7, "description": "To be Added", "is_deleted": false}}, {"model": "events.event", "pk": 35, "fields": {"title": "Test231", "image": "img/events/default_event.jpg", "location": "Test3", "date": "11/26/2021", "time": "10:11 AM", "created_date": "2021-11-20T17:34:52.314Z", "organizer": "admin", "user": 1, "attendees": 0, "like_number": 0, "share_number": 0, "description": "just for test3", "is_deleted": true}}, {"model": "events.event", "pk": 36, "fields": {"title": "Test1", "image": "img/events/default_event.jpg", "location": "Test1", "date": "11/20/2021", "time": "11:00 AM", "created_date": "2021-11-20T20:08:57.709Z", "organizer": "admin", "user": 1, "attendees": 0, "like_number": 0, "share_number": 0, "description": "for test1", "is_deleted": true}}, {"model": "events.event", "pk": 37, "fields": {"title": "Test Event", "image": "img/events/default_event.jpg", "location": "Test", "date": "11/15/2021", "time": "11:00 AM", "created_date": "2021-11-20T21:25:22.718Z", "organizer": "test2", "user": 16, "attendees": 0, "like_number": 0, "share_number": 0, "description": "Event test", "is_deleted": false}}, {"model": "events.event", "pk": 38, "fields": {"title": "Test1", "image": "img/events/default_event.jpg", "location": "Test1", "date": "11/17/2021", "time": "11:00", "created_date": "2021-11-21T20:13:01.566Z", "organizer": "alice", "user": 3, "attendees": 0, "like_number": 0, "share_number": 0, "description": "test1 edited", "is_deleted": false}}, {"model": "events.comment", "pk": 82, "fields": {"author": 16, "content": "test for comment", "event": 37, "time": "2021-11-20T21:25:31.528Z"}}, {"model": "events.comment", "pk": 83, "fields": {"author": 1, "content": "Hi", "event": 3, "time": "2021-11-20T21:49:55.523Z"}}, {"model": "events.comment", "pk": 85, "fields": {"author": 3, "content": "just for tests", "event": 3, "time": "2021-11-21T20:41:43.886Z"}}, {"model": "events.comment", "pk": 87, "fields": {"author": 1, "content": "hi", "event": 2, "time": "2021-11-20T22:58:27.642Z"}}, {"model": "events.comment", "pk": 97, "fields": {"author": 1, "content": "no comment", "event": 1, "time": "2021-11-21T15:39:13.286Z"}}, {"model": "events.comment", "pk": 98, "fields": {"author": 1, "content": "no comment", "event": 1, "time": "2021-11-21T15:47:16.269Z"}}, {"model": "events.comment", "pk": 105, "fields": {"author": 1, "content": "what a day!!", "event": 3, "time": "2021-11-21T20:02:14.350Z"}}, {"model": "events.comment", "pk": 108, "fields": {"author": 1, "content": "I was thinking why it is not work", "event": 3, "time": "2021-11-21T20:09:06.657Z"}}, {"model": "events.comment", "pk": 109, "fields": {"author": 3, "content": "I like it!", "event": 2, "time": "2021-11-21T20:13:41.761Z"}}, {"model": "events.comment", "pk": 110, "fields": {"author": 3, "content": "What a day", "event": 2, "time": "2021-11-21T20:20:47.657Z"}}, {"model": "events.comment", "pk": 112, "fields": {"author": 3, "content": "i am thinking for next time!!!!", "event": 2, "time": "2021-11-21T20:24:05.750Z"}}, {"model": "events.account", "pk": 1, "fields": {"title": "Hearts Queen", "gender": "Female", "age": 27, "group": "Bird Watchers", "intro": "I am Hearts Queen. Nice to meet you", "image": "img/profile/knave-of-hearts.png"}}, {"model": "events.account", "pk": 2, "fields": {"title": "Cheshire Cat", "gender": "N/A", "age": 21, "group": "Hikers", "intro": "Meow~", "image": "img/profile/cheshire-cat.jpg"}}, {"model": "events.account", "pk": 3, "fields": {"title": "Anonymous User", "gender": "Male", "age": 99, "group": "N/A", "intro": "N/A", "image": "img/profile/anonymous-user.png"}}, {"model": "users.details", "pk": 1, "fields": {"user": 1, "role": "admin", "gender": "male"}}, {"model": "users.details", "pk": 2, "fields": {"user": 3, "role": "regular", "gender": "not disclosed"}}, {"model": "users.details", "pk": 7, "fields": {"user": 15, "role": "unregister", "gender": "not disclosed"}}, {"model": "users.details", "pk": 8, "fields": {"user": 16, "role": "admin", "gender": "not disclosed"}}, {"model": "actions.action", "pk": 7, "fields": {"user": 1, "verb": "created the new event", "target_ct": 7, "target_id": 36, "created": "2021-11-20T20:08:57.713Z"}}, {"model": "actions.action", "pk": 8, "fields": {"user": 1, "verb": "delete the event", "target_ct": 7, "target_id": 36, "created": "2021-11-20T20:09:02.885Z"}}, {"model": "actions.action", "pk": 9, "fields": {"user": 1, "verb": "edited the event title", "target_ct": 7, "target_id": 35, "created": "2021-11-20T20:09:27.825Z"}}, {"model": "actions.action", "pk": 10, "fields": {"user": 1, "verb": "edited the event description", "target_ct": 7, "target_id": 35, "created": "2021-11-20T20:09:27.834Z"}}, {"model": "actions.action", "pk": 11, "fields": {"user": 1, "verb": "changed the role", "target_ct": 4, "target_id": 3, "created": "2021-11-20T20:47:37.502Z"}}, {"model": "actions.action", "pk": 12, "fields": {"user": 16, "verb": "created the new event", "target_ct": 7, "target_id": 37, "created": "2021-11-20T21:25:22.723Z"}}, {"model": "actions.action", "pk": 13, "fields": {"user": 1, "verb": "changed the role", "target_ct": 4, "target_id": 16, "created": "2021-11-20T22:26:56.762Z"}}, {"model": "actions.action", "pk": 14, "fields": {"user": 1, "verb": "changed the role", "target_ct": 4, "target_id": 16, "created": "2021-11-20T22:27:02.125Z"}}, {"model": "actions.action", "pk": 15, "fields": {"user": 1, "verb": "changed the role", "target_ct": 4, "target_id": 16, "created": "2021-11-20T22:28:55.636Z"}}, {"model": "actions.action", "pk": 16, "fields": {"user": 1, "verb": "changed the role", "target_ct": 4, "target_id": 16, "created": "2021-11-20T22:29:17.776Z"}}, {"model": "actions.action", "pk": 17, "fields": {"user": 1, "verb": "changed the role", "target_ct": 4, "target_id": 16, "created": "2021-11-20T22:29:24.161Z"}}, {"model": "actions.action", "pk": 18, "fields": {"user": 1, "verb": "changed the role", "target_ct": 4, "target_id": 16, "created": "2021-11-20T22:29:31.554Z"}}, {"model": "actions.action", "pk": 19, "fields": {"user": 1, "verb": "changed the role", "target_ct": 4, "target_id": 16, "created": "2021-11-20T22:30:01.365Z"}}, {"model": "actions.action", "pk": 20, "fields": {"user": 1, "verb": "changed the role", "target_ct": 4, "target_id": 16, "created": "2021-11-20T22:30:05.659Z"}}, {"model": "actions.action", "pk": 21, "fields": {"user": 1, "verb": "changed the role", "target_ct": 4, "target_id": 16, "created": "2021-11-20T22:30:09.425Z"}}, {"model": "actions.action", "pk": 22, "fields": {"user": 1, "verb": "changed the role", "target_ct": 4, "target_id": 16, "created": "2021-11-20T22:30:14.942Z"}}, {"model": "actions.action", "pk": 23, "fields": {"user": 1, "verb": "edited the event title", "target_ct": 7, "target_id": 35, "created": "2021-11-20T23:01:22.383Z"}}, {"model": "actions.action", "pk": 24, "fields": {"user": 1, "verb": "delete the event", "target_ct": 7, "target_id": 35, "created": "2021-11-20T23:01:26.725Z"}}, {"model": "actions.action", "pk": 25, "fields": {"user": 1, "verb": "changed the role", "target_ct": 4, "target_id": 3, "created": "2021-11-21T16:43:08.353Z"}}, {"model": "actions.action", "pk": 26, "fields": {"user": 1, "verb": "changed the role", "target_ct": 4, "target_id": 3, "created": "2021-11-21T16:43:12.695Z"}}, {"model": "actions.action", "pk": 27, "fields": {"user": 1, "verb": "changed the role", "target_ct": 4, "target_id": 3, "created": "2021-11-21T16:43:18.478Z"}}, {"model": "actions.action", "pk": 28, "fields": {"user": 1, "verb": "changed the role", "target_ct": 4, "target_id": 15, "created": "2021-11-21T17:40:55.692Z"}}, {"model": "actions.action", "pk": 29, "fields": {"user": 1, "verb": "changed the role", "target_ct": 4, "target_id": 3, "created": "2021-11-21T19:33:22.905Z"}}, {"model": "actions.action", "pk": 30, "fields": {"user": 1, "verb": "changed the role", "target_ct": 4, "target_id": 3, "created": "2021-11-21T19:33:28.509Z"}}, {"model": "actions.action", "pk": 31, "fields": {"user": 1, "verb": "changed the role", "target_ct": 4, "target_id": 3, "created": "2021-11-21T19:33:32.258Z"}}, {"model": "actions.action", "pk": 32, "fields": {"user": 3, "verb": "created the new event", "target_ct": 7, "target_id": 38, "created": "2021-11-21T20:13:01.576Z"}}, {"model": "actions.action", "pk": 33, "fields": {"user": 3, "verb": "edited the event description", "target_ct": 7, "target_id": 38, "created": "2021-11-21T20:13:14.285Z"}}]